{
  "hash": "c5350f29",
  "configHash": "69d06f22",
  "lockfileHash": "e6e24961",
  "browserHash": "c76c5669",
  "optimized": {
    "@angular/common": {
      "src": "../../../../../../node_modules/@angular/common/fesm2022/common.mjs",
      "file": "@angular_common.js",
      "fileHash": "816a017c",
      "needsInterop": false
    },
    "@angular/core": {
      "src": "../../../../../../node_modules/@angular/core/fesm2022/core.mjs",
      "file": "@angular_core.js",
      "fileHash": "e658d3d2",
      "needsInterop": false
    },
    "@angular/platform-browser": {
      "src": "../../../../../../node_modules/@angular/platform-browser/fesm2022/platform-browser.mjs",
      "file": "@angular_platform-browser.js",
      "fileHash": "4ac087d9",
      "needsInterop": false
    },
    "@angular/router": {
      "src": "../../../../../../node_modules/@angular/router/fesm2022/router.mjs",
      "file": "@angular_router.js",
      "fileHash": "928aca61",
      "needsInterop": false
    },
    "zone.js": {
      "src": "../../../../../../node_modules/zone.js/fesm2015/zone.js",
      "file": "zone__js.js",
      "fileHash": "3ece3fbb",
      "needsInterop": true
    }
  },
  "chunks": {
    "chunk-MNASD6VB": {
      "file": "chunk-MNASD6VB.js"
    },
    "chunk-LKSFUSRB": {
      "file": "chunk-LKSFUSRB.js"
    },
    "chunk-SJVPI5HB": {
      "file": "chunk-SJVPI5HB.js"
    },
    "chunk-WDMUDEB6": {
      "file": "chunk-WDMUDEB6.js"
    }
  }
}