{
  "hash": "aabac5e7",
  "configHash": "f1f60b4c",
  "lockfileHash": "6cfbc52c",
  "browserHash": "f6736087",
  "optimized": {
    "@angular/core": {
      "src": "../../../../../../node_modules/@angular/core/fesm2022/core.mjs",
      "file": "@angular_core.js",
      "fileHash": "f80d0c6f",
      "needsInterop": false
    },
    "@angular/platform-browser": {
      "src": "../../../../../../node_modules/@angular/platform-browser/fesm2022/platform-browser.mjs",
      "file": "@angular_platform-browser.js",
      "fileHash": "896f0b60",
      "needsInterop": false
    },
    "@angular/router": {
      "src": "../../../../../../node_modules/@angular/router/fesm2022/router.mjs",
      "file": "@angular_router.js",
      "fileHash": "72bd3db0",
      "needsInterop": false
    },
    "zone.js": {
      "src": "../../../../../../node_modules/zone.js/fesm2015/zone.js",
      "file": "zone__js.js",
      "fileHash": "f2100d83",
      "needsInterop": true
    }
  },
  "chunks": {
    "chunk-VGO6J6E7": {
      "file": "chunk-VGO6J6E7.js"
    },
    "chunk-SJVPI5HB": {
      "file": "chunk-SJVPI5HB.js"
    },
    "chunk-WDMUDEB6": {
      "file": "chunk-WDMUDEB6.js"
    }
  }
}